상호명,영업소도로명소재지,영업소지번소재지,전화번호,데이터 기준일자
산울,서울특별시 송파구 성내천로 223  (마천동),서울특별시 송파구 마천동 158-2번지 ,,2019-02-22
방방,서울특별시 송파구 올림픽로32길 9  (방이동),서울특별시 송파구 방이동 36-3번지 ,,2019-02-22
차차차,서울특별시 송파구 오금로11길 23-8 (방이동),서울특별시 송파구 방이동 38-11번지 ,,2019-02-22
영상,서울특별시 송파구 풍성로25길 36-1 (풍납동),서울특별시 송파구 풍납동 477-6번지 ,,2019-02-22
힐링노래연습장,서울특별시 송파구 송이로31길 4-10 (문정동),서울특별시 송파구 문정동 116-8번지 ,,2019-02-22
찬찬찬노래연습장,서울특별시 송파구 마천로 24 (방이동),서울특별시 송파구 방이동 213-1번지 ,02-424-1422,2019-02-22
써니 노래연습장,서울특별시 송파구 올림픽로47길 15 (풍납동),서울특별시 송파구 풍납동 400-0번지 ,,2019-02-22
엔젤노래연습장,"서울특별시 송파구 마천로 192, 지층 (오금동)",서울특별시 송파구 오금동 131-2번지 지층 ,02-400-3144,2019-02-22
MBC,서울특별시 송파구 문정로4길 34 (문정동),서울특별시 송파구 문정동 68-10번지 ,,2019-02-22
윙크노래연습장,서울특별시 송파구 새말로8길 30 (문정동),서울특별시 송파구 문정동 75-9번지 ,,2019-02-22
히트노래연습장,"서울특별시 송파구 문정로4길 28, 지1층 (문정동, 삼중빌딩)",서울특별시 송파구 문정동 67-9번지 ,,2019-02-22
산성노래연습장,"서울특별시 송파구 성내천로 260, 지층 (마천동)",서울특별시 송파구 마천동 203-1번지 지층 ,408-8200,2019-02-22
동네,서울특별시 송파구 풍성로26길 56  (풍납동),서울특별시 송파구 풍납동 404-0번지 ,,2019-02-22
여기는,서울특별시 송파구 풍성로20길 9 (풍납동),서울특별시 송파구 풍납동 231-47번지 ,,2019-02-22
삐삐네 노래연습장,"서울특별시 송파구 오금로36길 18-1, 지층 (가락동)",서울특별시 송파구 가락동 19-1번지 지층 ,02-406-5205,2019-02-22
호수 노래연습장,"서울특별시 송파구 석촌호수로 290, 지1층 (송파동, 성우빌딩)",서울특별시 송파구 송파동 58-18번지 ,,2019-02-22
킹,서울특별시 송파구 마천로 184  (오금동),서울특별시 송파구 오금동 130-8번지 ,,2019-02-22
당신의 노래연습장,서울특별시 송파구 성내천로63길 6 (거여동),서울특별시 송파구 거여동 577번지 ,02-402-0108,2019-02-22
올레노래연습장,서울특별시 송파구 가락로42길 15 (방이동),서울특별시 송파구 방이동 166-19번지 ,,2019-02-22
탈렌트,서울특별시 송파구 위례성대로20길 10  (오금동),서울특별시 송파구 오금동 1-10번지 ,,2019-02-22
KBS노래연습장,서울특별시 송파구 마천로51길 22 (마천동),서울특별시 송파구 마천동 178-85번지 ,,2019-02-22
K2,서울특별시 송파구 마천로8길 23  (오금동),서울특별시 송파구 오금동 40-19번지 ,,2019-02-22
청춘,"서울특별시 송파구 풍성로25길 13, 지층 (풍납동)",서울특별시 송파구 풍납동 155-23번지 지층 ,,2019-02-22
탤런트,서울특별시 송파구 새말로 144  (문정동),서울특별시 송파구 문정동 99-12번지 ,,2019-02-22
빙고,"서울특별시 송파구 마천로 282-1, 지층 (거여동)",서울특별시 송파구 거여동 184-12번지 지층 ,443-7781,2019-02-22
베스트,서울특별시 송파구 백제고분로48길 41 (방이동),서울특별시 송파구 방이동 137-8번지 ,,2019-02-22
우리노래연습장,"서울특별시 송파구 마천로 139, 2층 (오금동)",서울특별시 송파구 오금동 78-3번지 2층 ,02-409-6468,2019-02-22
민들래노래연습장,서울특별시 송파구 오금로36길 69-14 (가락동),서울특별시 송파구 가락동 49-10번지 ,02-400-6341,2019-02-22
준노래연습장,서울특별시 송파구 오금로11길 30 (방이동),서울특별시 송파구 방이동 59-3번지 ,,2019-02-22
신바람 노래연습장,"서울특별시 송파구 풍성로25길 25-1, 지층 (풍납동)",서울특별시 송파구 풍납동 153-7번지 지층 ,,2019-02-22
소리사랑,서울특별시 송파구 토성로 34-1  (풍납동),서울특별시 송파구 풍납동 257-92번지 ,,2019-02-22
우창 노래연습장,"서울특별시 송파구 동남로24길 13, 지1층 (오금동)",서울특별시 송파구 오금동 155-15번지 ,,2019-02-22
투투,서울특별시 송파구 송이로17길 29 (가락동),서울특별시 송파구 가락동 30-6번지 ,,2019-02-22
별 노래연습장,"서울특별시 송파구 거마로20길 18, 지1층 (마천동)",서울특별시 송파구 마천동 125-23번지 ,,2019-02-22
챔프,서울특별시 송파구 백제고분로 454  (방이동),서울특별시 송파구 방이동 110-2번지 ,,2019-02-22
이브노래연습장,서울특별시 송파구 거마로 16 (거여동),서울특별시 송파구 거여동 42-17번지 ,02-403-6568,2019-02-22
달빛노래연습장,서울특별시 송파구 백제고분로50길 11 (방이동),서울특별시 송파구 방이동 178-4번지 ,,2019-02-22
아우성,서울특별시 송파구 동남로4길 9 (문정동),서울특별시 송파구 문정동 29-29번지 ,,2019-02-22
S.B.S,서울특별시 송파구 오금로15길 16  (방이동),서울특별시 송파구 방이동 71-0번지 ,,2019-02-22
종달새,서울특별시 송파구 백제고분로45길 10  (송파동),서울특별시 송파구 송파동 50번지 ,,2019-02-22
21세기,서울특별시 송파구 마천로41길 15 (마천동),서울특별시 송파구 마천동 129-1번지 ,,2019-02-22
동산 노래연습장,"서울특별시 송파구 오금로11길 22, 2층 (방이동)",서울특별시 송파구 방이동 59-1번지 2층 ,,2019-02-22
금잔디 노래연습장,서울특별시 송파구 백제고분로 131 (잠실동),서울특별시 송파구 잠실동 228-10번지 ,,2019-02-22
킹,서울특별시 송파구 백제고분로7길 28-6  (잠실동),서울특별시 송파구 잠실동 190-11번지 ,,2019-02-22
엠브이피,서울특별시 송파구 백제고분로7길 52 (잠실동),서울특별시 송파구 잠실동 185-5번지 ,02-421-9190,2019-02-22
코리아씨티,서울특별시 송파구 백제고분로7길 46 (잠실동),서울특별시 송파구 잠실동 186-0번지 ,,2019-02-22
NBC,서울특별시 송파구 백제고분로7길 19 (잠실동),서울특별시 송파구 잠실동 179-3번지 지층 ,,2019-02-22
송파,서울특별시 송파구 가락로16길 2-6 (석촌동),서울특별시 송파구 석촌동 276-9번지 ,,2019-02-22
덩크슛,서울특별시 송파구 가락로16길 3-4  (석촌동),서울특별시 송파구 석촌동 297-0번지 ,,2019-02-22
월드,서울특별시 송파구 가락로 114 (석촌동),서울특별시 송파구 석촌동 296-2번지 ,02-416-9262,2019-02-22
송파노래연습장,"서울특별시 송파구 삼학사로 51, 지층 (삼전동)",서울특별시 송파구 삼전동 180-28번지 지층 ,,2019-02-22
오렌지,서울특별시 송파구 백제고분로 254  (삼전동),서울특별시 송파구 삼전동 72-3번지 ,,2019-02-22
앵커노래연습장,서울특별시 송파구 백제고분로22길 5 (삼전동),서울특별시 송파구 삼전동 47-0번지 ,,2019-02-22
모이세노래연습장,"서울특별시 송파구 백제고분로40길 10, 2층 (석촌동)",서울특별시 송파구 석촌동 283-3번지 2층 ,,2019-02-22
앵콜,서울특별시 송파구 가락로 248  (방이동),서울특별시 송파구 방이동 135-5번지 ,,2019-02-22
킹노래연습장,"서울특별시 송파구 백제고분로22길 27, 지하1층 (삼전동)",서울특별시 송파구 삼전동 42-9번지 지하1층 ,3431-3871,2019-02-22
코러스,"서울특별시 송파구 풍성로25가길 10, 지층 (풍납동)",서울특별시 송파구 풍납동 155-21번지 지층 ,02-473-2742,2019-02-22
앵콜,서울특별시 송파구 백제고분로 257  (삼전동),서울특별시 송파구 삼전동 101-9번지 ,,2019-02-22
MBC,서울특별시 송파구 위례성대로18길 27-10  (방이동),서울특별시 송파구 방이동 206-1번지 ,,2019-02-22
SBS,서울특별시 송파구 오금로 519  (거여동),서울특별시 송파구 거여동 36-4번지 ,,2019-02-22
슈가노래연습장,"서울특별시 송파구 백제고분로39길 8, 지1층 (석촌동)",서울특별시 송파구 석촌동 175-3번지 ,,2019-02-22
MBC노래연습장,서울특별시 송파구 마천로 149 (오금동),서울특별시 송파구 오금동 74-1번지 ,,2019-02-22
울랄라,"서울특별시 송파구 동남로20길 27  (가락동,지층)",서울특별시 송파구 가락동 175번지 지층 ,,2019-02-22
채플린,서울특별시 송파구 동남로18길 34  (가락동),서울특별시 송파구 가락동 197-17번지 ,,2019-02-22
SBS노래연습장,"서울특별시 송파구 석촌호수로 194, 지층 (석촌동)",서울특별시 송파구 석촌동 1-3번지 지층 ,,2019-02-22
금강산노래연습장,"서울특별시 송파구 풍성로26길 54, 지층 (풍납동)",서울특별시 송파구 풍납동 404-2번지 지층 ,485-1116,2019-02-22
허니노래연습장,서울특별시 송파구 삼학사로18길 13 (석촌동),서울특별시 송파구 석촌동 6-14번지 ,,2019-02-22
썬,서울특별시 송파구 가락로30길 14  (송파동),서울특별시 송파구 송파동 148-1번지 ,,2019-02-22
스타게이트 노래연습장,"서울특별시 송파구 올림픽로12길 23, 지1층 (잠실동)",서울특별시 송파구 잠실동 205-1번지 ,,2019-02-22
SBS 노래연습장,"서울특별시 송파구 백제고분로41길 16, 지층 (송파동)",서울특별시 송파구 송파동 23-0번지 지층 ,,2019-02-22
케이비에스,"서울특별시 송파구 마천로 61,  201호 (오금동)",서울특별시 송파구 오금동 18-11번지 201호,,2019-02-22
짱구 노래연습장,"서울특별시 송파구 마천로41길 34, 지1층 (마천동)",서울특별시 송파구 마천동 178-55번지 ,,2019-02-22
서울서울,서울특별시 송파구 마천로 276 (거여동),서울특별시 송파구 거여동 183-5번지 ,,2019-02-22
SBS,"서울특별시 송파구 송파대로 387, 3층 (석촌동)",서울특별시 송파구 석촌동 295-6번지 3층 ,02-415-9342,2019-02-22
큐,서울특별시 송파구 가락로 115  (석촌동),서울특별시 송파구 석촌동 295-9번지 ,,2019-02-22
뮤즈 노래연습장,서울특별시 송파구 백제고분로7길 20 (잠실동),서울특별시 송파구 잠실동 192-12번지 ,,2019-02-22
마돈나,"서울특별시 송파구 가락로 95 (석촌동,2층)",서울특별시 송파구 석촌동 272-25번지 2층 ,,2019-02-22
오빠 노래연습장,"서울특별시 송파구 백제고분로41길 19-1, 지1층 (송파동)",서울특별시 송파구 송파동 13-4번지 ,,2019-02-22
야호노래연습장,서울특별시 송파구 오금로11길 6 (방이동),서울특별시 송파구 방이동 64번지 ,,2019-02-22
해븐,서울특별시 송파구 백제고분로7길 33 (잠실동),서울특별시 송파구 잠실동 182-4번지 ,,2019-02-22
해피데이,서울특별시 송파구 새말로 157 (문정동),서울특별시 송파구 문정동 102-6번지 ,,2019-02-22
테크노,서울특별시 송파구 백제고분로42길 11  (송파동),서울특별시 송파구 송파동 111-19번지 ,,2019-02-22
KBS,서울특별시 송파구 올림픽로32길 18  (방이동),서울특별시 송파구 방이동 64-6번지 ,,2019-02-22
우리,서울특별시 송파구 백제고분로12길 4 (잠실동),서울특별시 송파구 잠실동 294-25번지 ,,2019-02-22
싸이보그,서울특별시 송파구 백제고분로7길 50-1 (잠실동),서울특별시 송파구 잠실동 185-0번지 ,,2019-02-22
스카이,서울특별시 송파구 동남로 132  (문정동),서울특별시 송파구 문정동 4-8번지 ,,2019-02-22
SBS노래연습장,서울특별시 송파구 백제고분로46길 3 (송파동),서울특별시 송파구 송파동 136-11번지 ,02-412-7957,2019-02-22
스타노래연습장,서울특별시 송파구 풍성로26길 51 (풍납동),서울특별시 송파구 풍납동 410-2번지 ,02-470-8100,2019-02-22
월드컵,서울특별시 송파구 중대로 56  (문정동),서울특별시 송파구 문정동 150-4번지 ,,2019-02-22
환희,,서울특별시 송파구 가락동 17-13번지 ,02-449-4285,2019-02-22
팡팡,"서울특별시 송파구 새말로 143, 지층 (문정동)",서울특별시 송파구 문정동 96-10번지 지층 ,448-6490,2019-02-22
빅토리,서울특별시 송파구 오금로 551  (거여동),서울특별시 송파구 거여동 34-3번지 ,,2019-02-22
하트노래연습장,"서울특별시 송파구 오금로 481, 지1층 (거여동, 동진빌딩)",서울특별시 송파구 거여동 21-2번지 지층 ,430-6064,2019-02-22
하트노래연습장,서울특별시 송파구 백제고분로27길 33 (삼전동),서울특별시 송파구 삼전동 91-9번지 ,,2019-02-22
야옹이노래연습장,서울특별시 송파구 양재대로62길 31-6 (가락동),서울특별시 송파구 가락동 75-8번지 ,02-409-1005,2019-02-22
논스톱,서울특별시 송파구 강동대로9길 17  (풍납동),서울특별시 송파구 풍납동 399-12번지 ,,2019-02-22
쟁반노래연습장,서울특별시 송파구 오금로15길 5 (방이동),서울특별시 송파구 방이동 67-12번지 ,02-415-8276,2019-02-22
우리들,,서울특별시 송파구 거여동 159-73번지 ,,2019-02-22
청개구리,서울특별시 송파구 바람드리길 59  (풍납동),서울특별시 송파구 풍납동 474-4번지 ,,2019-02-22
이브노래연습장,"서울특별시 송파구 오금로36길 20, 지층 (가락동)",서울특별시 송파구 가락동 19-2번지 지층 ,02-407-3664,2019-02-22
꿈의궁전,서울특별시 송파구 마천로 312 (거여동),서울특별시 송파구 거여동 214-2번지 19통3반 ,,2019-02-22
산까치,서울특별시 송파구 성내천로 296 (마천동),서울특별시 송파구 마천동 288-18번지 3통7반 ,,2019-02-22
베스트노래연습장,서울특별시 송파구 백제고분로7길 30 (잠실동),서울특별시 송파구 잠실동 189번지 ,,2019-02-22
미소노래연습장,"서울특별시 송파구 마천로 333-1, 지층 (마천동)",서울특별시 송파구 마천동 307-52번지 지층 ,,2019-02-22
MBC노래연습장,서울특별시 송파구 오금로 410 (가락동),서울특별시 송파구 가락동 167-3번지 ,,2019-02-22
준,서울특별시 송파구 가락로 133  (송파동),서울특별시 송파구 송파동 95-37번지 ,,2019-02-22
앵콜,서울특별시 송파구 오금로 527  (거여동),서울특별시 송파구 거여동 36번지 ,,2019-02-22
싱글벙글노래연습장,"서울특별시 송파구 동남로9길 31, 지1층 (가락동)",서울특별시 송파구 가락동 141-3번지 13통2반 ,,2019-02-22
스크린노래연습장,"서울특별시 송파구 성내천로 45, 지층 (오금동)",서울특별시 송파구 오금동 125-4번지 지층 ,443-0690,2019-02-22
스타 노래연습장,서울특별시 송파구 가락로16길 3-6 (석촌동),서울특별시 송파구 석촌동 297-1번지 ,02-4237-9727,2019-02-22
뮤직Q노래연습장,"서울특별시 송파구 바람드리길 62, 지층 (풍납동)",서울특별시 송파구 풍납동 480번지 지층 ,477-3345,2019-02-22
서울노래연습장,"서울특별시 송파구 삼학사로 52, 지층 (석촌동)",서울특별시 송파구 석촌동 210-20번지 13통5반 지층 ,02-2203-9155,2019-02-22
더원노래연습장,서울특별시 송파구 백제고분로9길 25 (잠실동),서울특별시 송파구 잠실동 190-13번지 ,,2019-02-22
킹,"서울특별시 송파구 백제고분로48길 16, 지층 (방이동)",서울특별시 송파구 방이동 113-4번지 14통4반 지층 ,,2019-02-22
앵콜,"서울특별시 송파구 백제고분로 144  (잠실동,지층)",서울특별시 송파구 잠실동 313-9번지 지층 ,,2019-02-22
은하수,서울특별시 송파구 백제고분로18길 21  (잠실동),서울특별시 송파구 잠실동 330번지 3통4반 ,,2019-02-22
if 노래연습장,"서울특별시 송파구 올림픽로32길 18-23, 지1층 (방이동)",서울특별시 송파구 방이동 63-5번지 ,,2019-02-22
금강산,서울특별시 송파구 마천로41길 22  (마천동),서울특별시 송파구 마천동 128-5번지 ,,2019-02-22
비발디,서울특별시 송파구 동남로20길 50-37  (가락동),서울특별시 송파구 가락동 180-12번지 ,,2019-02-22
나오미,서울특별시 송파구 위례성대로20길 8-1  (오금동),서울특별시 송파구 오금동 1-9번지 12통3반 ,,2019-02-22
오케이노래연습장,"서울특별시 송파구 백제고분로9길 47, 지층 (잠실동)",서울특별시 송파구 잠실동 186-10번지 ,418-8593,2019-02-22
베스트,"서울특별시 송파구 거마로 62  (마천동,B02)",서울특별시 송파구 마천동 118-24번지 B02 ,02-430-9093,2019-02-22
악쓰는하마노래연습장,서울특별시 송파구 동남로18길 31 (가락동),서울특별시 송파구 가락동 189-30번지 ,,2019-02-22
스타,서울특별시 송파구 거마로 30  (거여동),서울특별시 송파구 거여동 181-178번지 8통5반 ,,2019-02-22
씽씽노래연습장,서울특별시 송파구 석촌호수로12길 3 (잠실동),서울특별시 송파구 잠실동 210-29번지 ,02-412-7514,2019-02-22
품바노래연습장,"서울특별시 송파구 오금로44길 3, 지층 (가락동)",서울특별시 송파구 가락동 174-13번지 지층 ,409-5081,2019-02-22
호수,서울특별시 송파구 석촌호수로18길 4  (석촌동),서울특별시 송파구 석촌동 24-5번지 21통7반 ,,2019-02-22
고래고래노래연습장,서울특별시 송파구 오금로44가길 8 (가락동),서울특별시 송파구 가락동 167-9번지 ,02-401-5177,2019-02-22
행운노래연습장,서울특별시 송파구 백제고분로34길 11 (석촌동),서울특별시 송파구 석촌동 233-7번지 22통1반 ,,2019-02-22
SBS노래연습장,"서울특별시 송파구 올림픽로32길 24, 지층 (방이동)",서울특별시 송파구 방이동 62번지 지층 ,422-5043,2019-02-22
콘서트,서울특별시 송파구 오금로36길 23 (가락동),서울특별시 송파구 가락동 17-0번지 ,,2019-02-22
어울림,서울특별시 송파구 가락로 65 (석촌동),서울특별시 송파구 석촌동 251-5번지 17통6반 ,,2019-02-22
콜노래연습장,"서울특별시 송파구 마천로15길 2, 지하1층 (오금동)",서울특별시 송파구 오금동 78-5번지 ,,2019-02-22
도레미 노래연습장,서울특별시 송파구 가락로 112 (석촌동),서울특별시 송파구 석촌동 296-0번지 ,02-414-9414,2019-02-22
매너짱,"서울특별시 송파구 마천로 145, 2층 (오금동)",서울특별시 송파구 오금동 74-4번지 15통6반 2층 ,,2019-02-22
오디션,서울특별시 송파구 삼학사로18길 12 (석촌동),서울특별시 송파구 석촌동 7-3번지 ,,2019-02-22
파랑새,서울특별시 송파구 마천로 295  (마천동),서울특별시 송파구 마천동 128-50번지 ,,2019-02-22
수노래연습장,"서울특별시 송파구 백제고분로41길 6-5, 지1층 (송파동, 곡성빌딩)",서울특별시 송파구 송파동 21-5번지 ,,2019-02-22
ABC노래연습장,"서울특별시 송파구 마천로 235, 3층 (마천동)",서울특별시 송파구 마천동 25-2번지 ,,2019-02-22
행운,서울특별시 송파구 중대로16길 3  (가락동),서울특별시 송파구 가락동 148-0번지 22통3반 ,,2019-02-22
테마노래연습장,"서울특별시 송파구 마천로 191 (오금동,지층)",서울특별시 송파구 오금동 115-3번지 지층 ,02-448-6339,2019-02-22
아하노래연습장,서울특별시 송파구 오금로46길 40 (가락동),서울특별시 송파구 가락동 190-2번지 10통4반 ,,2019-02-22
가자,서울특별시 송파구 가락로 274  (방이동),서울특별시 송파구 방이동 160-1번지 6통6반 ,,2019-02-22
신세대,서울특별시 송파구 마천로51길 19  (마천동),서울특별시 송파구 마천동 178-74번지 1통1반 ,,2019-02-22
77노래연습장,"서울특별시 송파구 중대로9길 46, 지층 (가락동)",서울특별시 송파구 가락동 87-2번지 지층 ,401-1176,2019-02-22
야화,서울특별시 송파구 중대로9길 62  (가락동),서울특별시 송파구 가락동 72-13번지 2통,,2019-02-22
머니팡팡,서울특별시 송파구 백제고분로39길 5 (석촌동),서울특별시 송파구 석촌동 172-6번지 ,,2019-02-22
태영노래연습장,"서울특별시 송파구 바람드리길 27-1, 지1층 (풍납동)",서울특별시 송파구 풍납동 87-4번지 지1층 ,475-7587,2019-02-22
모아노래연습장,서울특별시 송파구 오금로 490 (거여동),서울특별시 송파구 거여동 559-6번지 28통3반 ,,2019-02-22
열린,서울특별시 송파구 중대로12길 8 (가락동),서울특별시 송파구 가락동 113-17번지 ,3401-3470,2019-02-22
짱,,서울특별시 송파구 신천동 7번지 8통6반 장미아파트 B동 43호,,2019-02-22
악쓰는하마,서울특별시 송파구 풍성로25길 39  (풍납동),서울특별시 송파구 풍납동 153-22번지 16통6반 ,,2019-02-22
올림픽노래연습장,서울특별시 송파구 위례성대로18길 5 (방이동),서울특별시 송파구 방이동 186-18번지 2통7반 ,,2019-02-22
원스타,서울특별시 송파구 백제고분로39길 6-5  (석촌동),서울특별시 송파구 석촌동 175-4번지 22통6반 ,,2019-02-22
진선미노래연습장,"서울특별시 송파구 삼전로13길 4, 지층 (잠실동)",서울특별시 송파구 잠실동 242-22번지 지층 ,02-422-8770,2019-02-22
다이아몬드노래연습장,서울특별시 송파구 올림픽로32길 27 (방이동),서울특별시 송파구 방이동 61-7번지 ,,2019-02-22
대룡,서울특별시 송파구 송파대로30길 3-6  (가락동),서울특별시 송파구 가락동 96-17번지 ,,2019-02-22
악쓰는하마,서울특별시 송파구 백제고분로40길 36  (석촌동),서울특별시 송파구 석촌동 278-9번지 ,,2019-02-22
하나,서울특별시 송파구 마천로39길 21  (마천동),서울특별시 송파구 마천동 44-9번지 ,,2019-02-22
호박노래연습장,,서울특별시 송파구 방이동 70번지 ,,2019-02-22
끼노래연습장,"서울특별시 송파구 올림픽로32길 21, 지층 (방이동)",서울특별시 송파구 방이동 60-5번지 지층 ,,2019-02-22
스타노래연습장,"서울특별시 송파구 석촌호수로18길 7, 지1층 (석촌동)",서울특별시 송파구 석촌동 157-4번지 ,419-6677,2019-02-22
빅뱅,서울특별시 송파구 백제고분로9길 41-1 (잠실동),서울특별시 송파구 잠실동 187-14번지 ,02-414-9940,2019-02-22
송파,서울특별시 송파구 동남로13길 47  (가락동),서울특별시 송파구 가락동 124-26번지 ,,2019-02-22
로데오노래연습장,"서울특별시 송파구 동남로4길 20, 지층 (문정동)",서울특별시 송파구 문정동 40-9번지 ,02-431-2394,2019-02-22
메니아노래연습장,서울특별시 송파구 송파대로 386 (송파동),서울특별시 송파구 송파동 96-7번지 ,,2019-02-22
만남노래연습장,"서울특별시 송파구 송파대로42길 3, 지층 (송파동)",서울특별시 송파구 송파동 86-5번지 지층 ,,2019-02-22
MBC노래연습장,서울특별시 송파구 풍성로26길 56 (풍납동),서울특별시 송파구 풍납동 404번지 ,,2019-02-22
축제,,서울특별시 송파구 오금동 403-198번지 ,,2019-02-22
뚜뚜루,서울특별시 송파구 백제고분로21길 23 (삼전동),서울특별시 송파구 삼전동 4-6번지 ,02-3431-6427,2019-02-22
싸이,"서울특별시 송파구 성내천로 142, 2층 (거여동)",서울특별시 송파구 거여동 1-9번지 2층 ,403-9333,2019-02-22
도레미,"서울특별시 송파구 가락로 245, 지층 (방이동)",서울특별시 송파구 방이동 136-5번지 ,,2019-02-22
도레미노래연습장,"서울특별시 송파구 송이로17길 50-27, 지층 (가락동)",서울특별시 송파구 가락동 13-10번지 지층 ,,2019-02-22
또올레노래연습장,"서울특별시 송파구 송파대로 451, 지층 (석촌동)",서울특별시 송파구 석촌동 184-8번지 지층 ,02-417-4401,2019-02-22
탈렌트노래연습장,서울특별시 송파구 중대로9길 53 (가락동),서울특별시 송파구 가락동 70-0번지 2통7반 ,,2019-02-22
CNN,서울특별시 송파구 백제고분로7길 28 (잠실동),서울특별시 송파구 잠실동 190-10번지 ,02-414-0488,2019-02-22
띵가띵가노래연습장,서울특별시 송파구 백제고분로7길 56 (잠실동),서울특별시 송파구 잠실동 185-12번지 지층 ,02-424-6459,2019-02-22
보이스,"서울특별시 송파구 성내천로 229, 지층 (마천동)",서울특별시 송파구 마천동 161-2번지 ,,2019-02-22
큐노래연습장,서울특별시 송파구 백제고분로50길 40 (방이동),서울특별시 송파구 방이동 158-0번지 14통2반 ,,2019-02-22
엔젤노래연습장업,서울특별시 송파구 오금로59길 5 (거여동),서울특별시 송파구 거여동 22-11번지 ,3402-1525,2019-02-22
쿨,서울특별시 송파구 올림픽로45길 20  (풍납동),서울특별시 송파구 풍납동 399-20번지 ,,2019-02-22
째즈,서울특별시 송파구 올림픽로32길 19 (방이동),서울특별시 송파구 방이동 60번지 ,02-423-7234,2019-02-22
짠짜라,서울특별시 송파구 백제고분로50길 16  (방이동),서울특별시 송파구 방이동 154-2번지 ,,2019-02-22
영,,서울특별시 송파구 마천동 125-24번지 3통10반 ,,2019-02-22
스타,서울특별시 송파구 새말로8길 4  (문정동),서울특별시 송파구 문정동 71-1번지 ,,2019-02-22
만남24시,"서울특별시 송파구 백제고분로45길 4, 지층 (송파동)",서울특별시 송파구 송파동 48-0번지 지층 ,,2019-02-22
한강,,138-170번지 송파동 13-4 138동 170호,,2019-02-22
바비킹,"서울특별시 송파구 마천로41길 5, 자매빌딩 지하층 101호 (마천동)",서울특별시 송파구 마천동 126-4번지 자매빌딩 ,,2019-02-22
태평양 노래연습장,서울특별시 송파구 송파대로 288 (가락동),서울특별시 송파구 가락동 96번지 ,02-448-3345,2019-02-22
파티파티노래연습장,서울특별시 송파구 백제고분로9길 22 (잠실동),서울특별시 송파구 잠실동 201번지 ,,2019-02-22
뮤직박스노래연습장,"서울특별시 송파구 위례성대로12길 17, 지1층 (방이동, 세광빌딩)",서울특별시 송파구 방이동 196-11번지 ,,2019-02-22
황제노래연습장,서울특별시 송파구 백제고분로40길 35 (석촌동),서울특별시 송파구 석촌동 294-6번지 ,,2019-02-22
궁노래연습장,"서울특별시 송파구 오금로17길 20, 지층 (방이동)",서울특별시 송파구 방이동 106-2번지 지층 ,3431-9198,2019-02-22
디바Ⅰ노래연습장,"서울특별시 송파구 백제고분로7길 58 (잠실동,지층 102호)",서울특별시 송파구 잠실동 208번지 지층 102호 ,02-415-6544,2019-02-22
디바Ⅱ노래연습장,"서울특별시 송파구 백제고분로7길 58 (잠실동,지층 101호)",서울특별시 송파구 잠실동 208번지 지층 101호 ,02-415-6544,2019-02-22
신바람 노래연습장,"서울특별시 송파구 오금로11길 10, 지1층 (방이동, 풍산빌딩)",서울특별시 송파구 방이동 64-8번지 ,421-1666,2019-02-22
진노래연습장,"서울특별시 송파구 백제고분로9길 35, 지층 (잠실동)",서울특별시 송파구 잠실동 188-12번지 지층 ,425-0258,2019-02-22
가고파노래연습장,"서울특별시 송파구 송이로 161, 지층 (가락동)",서울특별시 송파구 가락동 124-8번지 지층 ,02-448-6447,2019-02-22
뉴타운,서울특별시 송파구 백제고분로 358  (석촌동),서울특별시 송파구 석촌동 286-9번지 ,414-2883,2019-02-22
라이브,서울특별시 송파구 백제고분로22길 6  (삼전동),서울특별시 송파구 삼전동 29-8번지 ,,2019-02-22
몽,서울특별시 송파구 삼전로8길 12  (삼전동),서울특별시 송파구 삼전동 11번지 ,,2019-02-22
엠비씨,"서울특별시 송파구 거마로 63 (마천동,지층)",서울특별시 송파구 마천동 35-2번지 지층 ,,2019-02-22
실크로드,서울특별시 영등포구 영등포로47길 17  (영등포동2가),서울특별시 영등포구 영등포동2가 33-15번지 ,,2019-02-22
만남노래연습장,"서울특별시 송파구 백제고분로40길 4-3, 지층 (석촌동)",서울특별시 송파구 석촌동 284-3번지 지층 ,412-5540,2019-02-22
소리,서울특별시 송파구 오금로46길 35 (가락동),서울특별시 송파구 가락동 188-11번지 ,,2019-02-22
더비파크,서울특별시 송파구 백제고분로15길 59  (잠실동),서울특별시 송파구 잠실동 186-13번지 ,,2019-02-22
엘비스,서울특별시 송파구 백제고분로25길 33  (삼전동),서울특별시 송파구 삼전동 26-1번지 ,,2019-02-22
쥬얼리노래연습장,서울특별시 송파구 올림픽로12길 29 (잠실동),서울특별시 송파구 잠실동 205-4번지 ,,2019-02-22
바나나 노래연습장,"서울특별시 송파구 동남로18길 35, 불산빌딩 지층 (가락동)",서울특별시 송파구 가락동 189-27번지 불산빌딩 ,02-443-6994,2019-02-22
청춘,서울특별시 송파구 마천로51길 4  (마천동),서울특별시 송파구 마천동 183-42번지 ,,2019-02-22
옥스,"서울특별시 송파구 오금로11길 41, 4층 (방이동, 4층)",서울특별시 송파구 방이동 43-6번지 ,,2019-02-22
7080노래연습장,"서울특별시 송파구 백제고분로7길 32-19 (잠실동,지층)",서울특별시 송파구 잠실동 188-4번지 지층 ,4195060,2019-02-22
핑클,서울특별시 송파구 백제고분로39길 30 (석촌동),서울특별시 송파구 석촌동 180번지 ,,2019-02-22
타임노래연습장,"서울특별시 송파구 동남로4길 11, 지하1층 (문정동)",서울특별시 송파구 문정동 29-30번지 ,02-448-1999,2019-02-22
테라칸,서울특별시 송파구 양산로4길 9  (거여동),서울특별시 송파구 거여동 290-2번지 ,,2019-02-22
센스노래연습장,"서울특별시 송파구 백제고분로31길 2, 지층 (삼전동)",서울특별시 송파구 삼전동 133-11번지 지층 ,420-6503,2019-02-22
빙고노래연습장,"서울특별시 송파구 삼학사로 72, 지층 (석촌동)",서울특별시 송파구 석촌동 10-7번지 지층 ,412-1817,2019-02-22
즐거운노래연습장,서울특별시 송파구 백제고분로27길 27 (삼전동),서울특별시 송파구 삼전동 93-12번지 ,,2019-02-22
샵노래연습장,"서울특별시 송파구 오금로42길 5, 지층 (가락동)",서울특별시 송파구 가락동 170-11번지 지층 ,407-8184,2019-02-22
아트노래연습장,서울특별시 송파구 백제고분로17길 49 (잠실동),서울특별시 송파구 잠실동 207-18번지 ,02-422-2170,2019-02-22
바다노래연습장,서울특별시 송파구 동남로18길 23 (가락동),서울특별시 송파구 가락동 190-6번지 ,,2019-02-22
에스비에스노래연습장,서울특별시 송파구 오금로15길 16 (방이동),서울특별시 송파구 방이동 71번지 71 ,,2019-02-22
헤라노래연습장,서울특별시 송파구 백제고분로31길 38 (삼전동),서울특별시 송파구 삼전동 129-7번지 ,02-418-3089,2019-02-22
팡팡노래연습장,서울특별시 송파구 거마로24길 5 (마천동),서울특별시 송파구 마천동 47-7번지 ,02-431-1845,2019-02-22
골드스타 노래연습장,서울특별시 송파구 삼학사로12길 13 (석촌동),서울특별시 송파구 석촌동 211-9번지 ,02-421-1613,2019-02-22
뮤직,"서울특별시 송파구 송파대로30길 41-4, 지층 (가락동)",서울특별시 송파구 가락동 73-6번지 지층 ,,2019-02-22
청개구리노래연습장,서울특별시 송파구 위례성대로20길 23 (오금동),서울특별시 송파구 오금동 18-1번지 ,,2019-02-22
누이노래연습장,"서울특별시 송파구 송파대로49길 65 (석촌동,2층)",서울특별시 송파구 석촌동 2-1번지 2층 ,412-6866,2019-02-22
우리,서울특별시 송파구 백제고분로50길 21  (방이동),서울특별시 송파구 방이동 174-14번지 ,,2019-02-22
이브,서울특별시 송파구 오금로 173-1  (방이동),서울특별시 송파구 방이동 114-2번지 ,,2019-02-22
선수입장 노래연습장,서울특별시 송파구 백제고분로7길 28-13 (잠실동),서울특별시 송파구 잠실동 189-3번지 ,,2019-02-22
OK,서울특별시 송파구 백제고분로33길 31 (석촌동),서울특별시 송파구 석촌동 4-9번지 ,,2019-02-22
홍콩,"서울특별시 송파구 송파대로28길 20, 지층 108,109호 (가락동, 세화오피스텔)","서울특별시 송파구 가락동 79-4번지 세화오피스텔 지층 108,109호 ",,2019-02-22
SBS,"서울특별시 송파구 풍성로26길 53  (풍납동,지하1층)",서울특별시 송파구 풍납동 405-1번지 지하1층 ,,2019-02-22
브이,"서울특별시 송파구 올림픽로12길 14  (잠실동,지하1층)",서울특별시 송파구 잠실동 188-7번지 지하1층 ,425-4705,2019-02-22
뮤젠,서울특별시 송파구 송파대로 381  (석촌동),서울특별시 송파구 석촌동 296-10번지 ,,2019-02-22
행운노래연습장,"서울특별시 송파구 양재대로71길 9, 지층 (방이동)",서울특별시 송파구 방이동 204번지 지층 ,02-3431-6289,2019-02-22
아지트노래연습장,서울특별시 송파구 올림픽로32길 22 (방이동),서울특별시 송파구 방이동 63-14번지 ,,2019-02-22
락휴코인노래연습장 송파구청점,"서울특별시 송파구 오금로11길 16, 3층 (방이동)",서울특별시 송파구 방이동 64-5번지 ,,2019-02-22
해운대노래연습장,"서울특별시 송파구 오금로36길 71, 시우빌딩 지층 (가락동)",서울특별시 송파구 가락동 49-14번지 시우빌딩 ,,2019-02-22
비틀즈 노래연습장,"서울특별시 송파구 백제고분로15길 55, 지층 (잠실동)",서울특별시 송파구 잠실동 186-12번지 지층 ,421-6878,2019-02-22
놀이터 노래연습장,서울특별시 송파구 백제고분로41길 31 (송파동),서울특별시 송파구 송파동 11-1번지 ,02-2203-0844,2019-02-22
짱 노래연습장,서울특별시 송파구 백제고분로22길 4 (삼전동),서울특별시 송파구 삼전동 28-12번지 ,,2019-02-22
O2 (오투)노래연습장,"서울특별시 송파구 삼전로9길 20, 지층 (잠실동)",서울특별시 송파구 잠실동 245-9번지 지층 ,423-9398,2019-02-22
수,서울특별시 송파구 가락로 209  (송파동),서울특별시 송파구 송파동 143-2번지 ,,2019-02-22
가경노래연습장,"서울특별시 송파구 위례성대로18길 30, 지층 (방이동)",서울특별시 송파구 방이동 208-13번지 지층 ,,2019-02-22
파티파티,서울특별시 송파구 송파대로 458  (송파동),서울특별시 송파구 송파동 15-3번지 ,,2019-02-22
산들,"서울특별시 송파구 거마로2길 3, 지하1층 (거여동)",서울특별시 송파구 거여동 42-9번지 지하1층 ,,2019-02-22
파티파티,서울특별시 송파구 백제고분로 204  (삼전동),서울특별시 송파구 삼전동 28-11번지 ,,2019-02-22
홈런노래연습장,서울특별시 송파구 위례성대로18길 29 (방이동),서울특별시 송파구 방이동 206-5번지 ,,2019-02-22
조은,서울특별시 송파구 송파대로 278 (가락동),서울특별시 송파구 가락동 96-16번지 ,,2019-02-22
조은노래연습장,"서울특별시 송파구 백제고분로40길 9, 지1층 (석촌동)",서울특별시 송파구 석촌동 287-5번지 ,,2019-02-22
솔로몬 뮤직파크,서울특별시 송파구 위례성대로18길 27  (방이동),서울특별시 송파구 방이동 204-4번지 ,,2019-02-22
SBS,서울특별시 송파구 송이로17길 41  (가락동),서울특별시 송파구 가락동 17-6번지 ,,2019-02-22
도쿄노래연습장,서울특별시 송파구 중대로9길 40 (가락동),서울특별시 송파구 가락동 83-9번지 ,02-407-5489,2019-02-22
궁전,서울특별시 송파구 백제고분로 384  (송파동),서울특별시 송파구 송파동 84-2번지 ,,2019-02-22
우리,서울특별시 송파구 새말로 146  (문정동),서울특별시 송파구 문정동 99-11번지 ,,2019-02-22
도레미,서울특별시 송파구 백제고분로9길 17  (잠실동),서울특별시 송파구 잠실동 192-13번지 ,,2019-02-22
빙고노래연습장,서울특별시 송파구 백제고분로9길 49 (잠실동),서울특별시 송파구 잠실동 186-11번지 ,02-420-0555,2019-02-22
블루노래연습장,서울특별시 송파구 오금로36길 10 (가락동),서울특별시 송파구 가락동 7-11번지 ,,2019-02-22
케이원,"서울특별시 송파구 백제고분로48길 9, 산수빌딩 지층 (방이동)",서울특별시 송파구 방이동 145-35번지 산수빌딩 ,,2019-02-22
명품,서울특별시 송파구 동남로4길 30-1 (문정동),서울특별시 송파구 문정동 40-3번지 ,,2019-02-22
홍콩,서울특별시 송파구 석촌호수로12길 10 (잠실동),서울특별시 송파구 잠실동 207-15번지 ,,2019-02-22
비타민노래연습장,"서울특별시 송파구 백제고분로7길 28-7, 지1층 (잠실동, 해경빌딩)",서울특별시 송파구 잠실동 189-2번지 ,,2019-02-22
쿨노래연습장,서울특별시 송파구 오금로13길 10 (방이동),서울특별시 송파구 방이동 68번지 ,,2019-02-22
친구노래연습장,"서울특별시 송파구 마천로 143, 지층 (오금동)",서울특별시 송파구 오금동 74-5번지 ,070-8223-8078,2019-02-22
방방노래연습장,"서울특별시 송파구 오금로13길 14 (방이동,지하1층)",서울특별시 송파구 방이동 69-9번지 지하1층 ,425-1093,2019-02-22
SBS노래연습장,"서울특별시 송파구 마천로 349, 지1층 (마천동)",서울특별시 송파구 마천동 308-31번지 ,,2019-02-22
타타타노래연습장,서울특별시 송파구 마천로 335 (마천동),서울특별시 송파구 마천동 307-41번지 ,,2019-02-22
카라노래연습장,"서울특별시 송파구 오금로13길 10-1, 지하1층 (방이동)",서울특별시 송파구 방이동 68-3번지 ,,2019-02-22
FM노래연습장,"서울특별시 송파구 오금로36길 32, 지층 (가락동)",서울특별시 송파구 가락동 29-13번지 지층 ,403-4072,2019-02-22
엿장수,서울특별시 송파구 백제고분로9길 43  (잠실동),서울특별시 송파구 잠실동 186-2번지 ,,2019-02-22
춘자,서울특별시 송파구 새말로8길 21 (문정동),서울특별시 송파구 문정동 77번지 ,,2019-02-22
붐붐노래연습장,서울특별시 송파구 삼학사로14길 15 (석촌동),서울특별시 송파구 석촌동 12-14번지 ,,2019-02-22
컴백,서울특별시 송파구 가락로 241 (방이동),서울특별시 송파구 방이동 124-21번지 ,,2019-02-22
체리노래연습장,"서울특별시 송파구 삼전로12길 7, 지1층 (삼전동)",서울특별시 송파구 삼전동 2-4번지 ,,2019-02-22
뉴스타,"서울특별시 송파구 오금로46길 14, 지하1층 (가락동)",서울특별시 송파구 가락동 174-21번지 ,,2019-02-22
원더풀,"서울특별시 송파구 백제고분로41길 13, 지층 (송파동)",서울특별시 송파구 송파동 16-6번지 ,,2019-02-22
샵 노래연습장,서울특별시 송파구 백제고분로41길 43-5 (송파동),서울특별시 송파구 송파동 8-2번지 ,,2019-02-22
비,서울특별시 송파구 백제고분로7길 24-12 (잠실동),서울특별시 송파구 잠실동 191-6번지 ,,2019-02-22
Luxury Su,"서울특별시 송파구 백제고분로7길 24, 3층 (잠실동)",서울특별시 송파구 잠실동 191-7번지 3층 ,,2019-02-22
레인보우,서울특별시 송파구 올림픽로32길 42  (방이동),서울특별시 송파구 방이동 93-6번지 ,,2019-02-22
마야노래연습장,서울특별시 송파구 백제고분로45길 23 (송파동),서울특별시 송파구 송파동 39-3번지 ,412-9694,2019-02-22
왕눈이,서울특별시 송파구 오금로11길 32 (방이동),서울특별시 송파구 방이동 58-6번지 ,,2019-02-22
페스티발 노래연습장,"서울특별시 송파구 백제고분로15길 58, 3층 (잠실동)",서울특별시 송파구 잠실동 185-1번지 3층 ,,2019-02-22
퀸노래연습장,"서울특별시 송파구 중대로9길 56, 지층 (가락동)",서울특별시 송파구 가락동 71-2번지 지층 ,408-7027,2019-02-22
히트,서울특별시 송파구 오금로11길 8  (방이동),서울특별시 송파구 방이동 64-11번지 ,,2019-02-22
탤런트,서울특별시 송파구 백제고분로33길 11  (석촌동),서울특별시 송파구 석촌동 11-20번지 ,,2019-02-22
초이스 노래연습장,"서울특별시 송파구 백제고분로19길 7 (잠실동,지층)",서울특별시 송파구 잠실동 235-11번지 지층 ,,2019-02-22
KBS,서울특별시 송파구 석촌호수로18길 11  (석촌동),서울특별시 송파구 석촌동 156-6번지 ,,2019-02-22
스타노래연습장,서울특별시 송파구 오금로 498 (거여동),서울특별시 송파구 거여동 562-4번지 ,02-431-4429,2019-02-22
스타노래연습장,"서울특별시 송파구 백제고분로46길 11, 지층 (송파동)",서울특별시 송파구 송파동 137-6번지 지층 ,02-415-5657,2019-02-22
가수된베짱이노래연습장,서울특별시 송파구 동남로4길 10 (문정동),서울특별시 송파구 문정동 41-5번지 ,404-0294,2019-02-22
토성노래연습장,서울특별시 송파구 바람드리길 51 (풍납동),서울특별시 송파구 풍납동 476-14번지 ,,2019-02-22
토마토,"서울특별시 송파구 백제고분로17길 55, 지층 (잠실동)",서울특별시 송파구 잠실동 185-11번지 지층 ,,2019-02-22
스타노래연습장,"서울특별시 송파구 문정로4길 10-46, 지1층 (문정동)",서울특별시 송파구 문정동 61번지 ,431-1666,2019-02-22
힐링노래연습장,"서울특별시 송파구 백제고분로31길 19, 지1층 (삼전동, 정은빌딩)",서울특별시 송파구 삼전동 116-16번지 지층 ,02-422-0302,2019-02-22
MTV노래연습장,서울특별시 송파구 동남로4길 7-1 (문정동),서울특별시 송파구 문정동 29-28번지 ,,2019-02-22
아리수노래연습장,서울특별시 송파구 오금로 526 (거여동),서울특별시 송파구 거여동 31-15번지 ,02-401-0071,2019-02-22
별난,서울특별시 송파구 송파대로30길 5-8 (가락동),서울특별시 송파구 가락동 96-2번지 ,,2019-02-22
짝 노래연습장,"서울특별시 송파구 백제고분로33길 35, 지층 (석촌동)",서울특별시 송파구 석촌동 3-2번지 지층 ,02-6012-8090,2019-02-22
MBC,서울특별시 송파구 문정로 19  (문정동),서울특별시 송파구 문정동 39-1번지 ,02-402-1522,2019-02-22
"1,2,3 노래연습장","서울특별시 송파구 송파대로 383, 지층 (석촌동)",서울특별시 송파구 석촌동 296-9번지 지층 ,,2019-02-22
바다,"서울특별시 송파구 양재대로71길 7, 지하1층 (방이동)",서울특별시 송파구 방이동 204-9번지 지하1층 ,02-417-0400,2019-02-22
신원샷,서울특별시 송파구 삼전로 94  (삼전동),서울특별시 송파구 삼전동 1-7번지 ,,2019-02-22
SBS노래연습장,"서울특별시 송파구 위례성대로18길 31, 지1층 (방이동)",서울특별시 송파구 방이동 206-6번지 ,,2019-02-22
토토노래연습장,"서울특별시 송파구 백제고분로22길 3, 지1층 (삼전동)",서울특별시 송파구 삼전동 48-3번지 지층 ,416-8027,2019-02-22
마야,서울특별시 송파구 백제고분로21길 8  (삼전동),서울특별시 송파구 삼전동 10번지 ,,2019-02-22
MGM,서울특별시 송파구 올림픽로 342 (방이동),서울특별시 송파구 방이동 23-2번지 ,02-418-2358,2019-02-22
만남,"서울특별시 송파구 마천로 138, 지층 (오금동)",서울특별시 송파구 오금동 72-9번지 지층 ,02-400-3550,2019-02-22
일신 노래연습장,"서울특별시 송파구 오금로 300, 지1층 (가락동, 김해빌딩)",서울특별시 송파구 가락동 2-8번지 ,,2019-02-22
샵,,서울특별시 송파구 송파동 32 지하1층 ,,2019-02-22
붐노래연습장,"서울특별시 송파구 오금로59길 4, 지층 (거여동)",서울특별시 송파구 거여동 26-5번지 지층 ,,2019-02-22
일번출구 노래연습장,"서울특별시 송파구 오금로 491, 지층 (거여동)",서울특별시 송파구 거여동 21-7번지 지층 ,400-6245,2019-02-22
신천지,서울특별시 송파구 백제고분로9길 54  (잠실동),서울특별시 송파구 잠실동 207-10번지 ,,2019-02-22
멜론노래연습장,"서울특별시 송파구 백제고분로7길 29 (잠실동,지하1층)",서울특별시 송파구 잠실동 182-6번지 지하1층 ,,2019-02-22
짱노래연습장,"서울특별시 송파구 백제고분로19길 30, 지층 (잠실동)",서울특별시 송파구 잠실동 244번지 지층 ,2203-9886,2019-02-22
문(MOON),서울특별시 송파구 백제고분로 353 (석촌동),서울특별시 송파구 석촌동 173-7번지 ,,2019-02-22
가왕노래연습장,"서울특별시 송파구 올림픽로32길 58, 지층 (방이동)",서울특별시 송파구 방이동 105-4번지 지층 ,,2019-02-22
필,서울특별시 송파구 백제고분로41길 39 (송파동),서울특별시 송파구 송파동 9-9번지 ,425-5546,2019-02-22
아리수,서울특별시 송파구 올림픽로32길 59 (방이동),서울특별시 송파구 방이동 107-3번지 ,422-7778,2019-02-22
엘리스,"서울특별시 송파구 토성로 55 (풍납동,2층)",서울특별시 송파구 풍납동 405번지 2층 ,02-471-5767,2019-02-22
스카이,서울특별시 송파구 가락로 111 (석촌동),서울특별시 송파구 석촌동 295-11번지 ,,2019-02-22
SBS노래연습장,"서울특별시 송파구 오금로46길 22, 지층 (가락동)",서울특별시 송파구 가락동 174-27번지 지층 ,400-5514,2019-02-22
쏠래,"서울특별시 송파구 양산로10길 10, 지층 (거여동)",서울특별시 송파구 거여동 568-1번지 지층 ,02-400-9546,2019-02-22
라이브노래연습장,"서울특별시 송파구 올림픽로12길 21, 지1층 (잠실동)",서울특별시 송파구 잠실동 205번지 ,,2019-02-22
앙,"서울특별시 송파구 중대로9길 29, 2층 (가락동)",서울특별시 송파구 가락동 88번지 2층 ,403-2245,2019-02-22
행운,서울특별시 송파구 거마로 20  (거여동),서울특별시 송파구 거여동 42-19번지 ,406-7549,2019-02-22
체리 노래연습장,서울특별시 송파구 백제고분로 184 (잠실동),서울특별시 송파구 잠실동 336-3번지 ,,2019-02-22
O2노래연습장,"서울특별시 송파구 위례성대로18길 28-1, 지하1층 (방이동)",서울특별시 송파구 방이동 208-14번지 지하1층 ,,2019-02-22
아이팅노래연습장,서울특별시 송파구 백제고분로7길 43 (잠실동),서울특별시 송파구 잠실동 183-12번지 5층 ,425-6007,2019-02-22
킹,"서울특별시 송파구 문정로4길 36 (문정동,지하1층)",서울특별시 송파구 문정동 70-8번지 지하1층 ,,2019-02-22
스카이,서울특별시 송파구 올림픽로32길 20 (방이동),서울특별시 송파구 방이동 63-11번지 ,,2019-02-22
썬노래연습장,"서울특별시 송파구 백제고분로7길 42-10, 지층 (잠실동)",서울특별시 송파구 잠실동 187-19번지 지층 ,02-420-4728,2019-02-22
영,서울특별시 송파구 오금로 532 (거여동),서울특별시 송파구 거여동 32-1번지 ,,2019-02-22
소라노래연습장,서울특별시 송파구 백제고분로17길 45 (잠실동),서울특별시 송파구 잠실동 207-17번지 ,02-6404-7606,2019-02-22
궁,서울특별시 송파구 올림픽로8길 23 (잠실동),서울특별시 송파구 잠실동 193-2번지 ,,2019-02-22
싸이 노래연습장,"서울특별시 송파구 토성로 34-1, 지하1층 (풍납동)",서울특별시 송파구 풍납동 257-92번지 지하1층 ,,2019-02-22
뉴스타,서울특별시 송파구 백제고분로48길 17 (방이동),서울특별시 송파구 방이동 146-9번지 ,,2019-02-22
샤방샤방,서울특별시 송파구 백제고분로 379  (송파동),서울특별시 송파구 송파동 19-5번지 ,,2019-02-22
씽씽노래연습장,"서울특별시 송파구 백제고분로33길 26, 지1층 (석촌동, 삼우빌딩)",서울특별시 송파구 석촌동 21-6번지 ,,2019-02-22
궁노래연습장,"서울특별시 송파구 백제고분로40길 31, 지층 (석촌동)",서울특별시 송파구 석촌동 294-5번지 지층 ,3431-7710,2019-02-22
케이팝,"서울특별시 송파구 오금로 91 (방이동,지층)",서울특별시 송파구 방이동 65번지 지층 ,,2019-02-22
샘터노래연습장,서울특별시 송파구 가락로 85 (석촌동),서울특별시 송파구 석촌동 272-9번지 ,02-419-0222,2019-02-22
와우 노래연습장,서울특별시 송파구 삼학사로 91 (삼전동),서울특별시 송파구 삼전동 131-2번지 ,,2019-02-22
SBS,서울특별시 송파구 백제고분로22길 10 (삼전동),서울특별시 송파구 삼전동 30-1번지 ,02-412-8767,2019-02-22
오페라,"서울특별시 송파구 오금로11길 26, 지층 (방이동)",서울특별시 송파구 방이동 59-2번지 지층 ,,2019-02-22
수궁,서울특별시 송파구 가락로 243 (방이동),서울특별시 송파구 방이동 124-20번지 ,,2019-02-22
조아조아,서울특별시 송파구 백제고분로32길 3 (삼전동),서울특별시 송파구 삼전동 180-22번지 ,,2019-02-22
엔,서울특별시 송파구 올림픽로 104  (잠실동),서울특별시 송파구 잠실동 181-6번지 ,,2019-02-22
에이스노래연습장,"서울특별시 송파구 백제고분로41길 14, 지층 (송파동)",서울특별시 송파구 송파동 23-12번지 지층 ,02-3431-1243,2019-02-22
친구,서울특별시 송파구 가락로 84  (석촌동),서울특별시 송파구 석촌동 273-1번지 ,,2019-02-22
BM,서울특별시 송파구 오금로36길 22-1 (가락동),서울특별시 송파구 가락동 19-4번지 ,,2019-02-22
써니노래연습장,서울특별시 송파구 백제고분로 255 (삼전동),서울특별시 송파구 삼전동 101-25번지 지하1층 ,,2019-02-22
수,서울특별시 송파구 오금로46길 30 (가락동),서울특별시 송파구 가락동 191-7번지 ,,2019-02-22
탑(TOP),서울특별시 송파구 올림픽로32길 51  (방이동),서울특별시 송파구 방이동 103-14번지 ,,2019-02-22
구찌,서울특별시 송파구 오금로 487  (거여동),서울특별시 송파구 거여동 21-5번지 ,02-400-3910,2019-02-22
궁노래연습장,"서울특별시 송파구 삼학사로 45, 지1층 (삼전동, 대림통상)",서울특별시 송파구 삼전동 181-1번지 ,,2019-02-22
오늘짱,서울특별시 송파구 위례성대로18길 28 (방이동),서울특별시 송파구 방이동 203-4번지 ,,2019-02-22
건영,서울특별시 송파구 새말로8길 6 (문정동),서울특별시 송파구 문정동 71-2번지 ,,2019-02-22
수우노래연습장,"서울특별시 송파구 송파대로49길 33, 지하1층 (석촌동)",서울특별시 송파구 석촌동 157번지 지하1층 ,,2019-02-22
로또노래연습장,"서울특별시 송파구 올림픽로12길 22, 지층 (잠실동)",서울특별시 송파구 잠실동 204-10번지 지층 ,02-419-2226,2019-02-22
리치,서울특별시 송파구 백제고분로7길 24-14 (잠실동),서울특별시 송파구 잠실동 191-9번지 ,,2019-02-22
핑크,"서울특별시 송파구 올림픽로32길 30, 하나빌딩 지층 (방이동)",서울특별시 송파구 방이동 69-5번지 하나빌딩 ,,2019-02-22
아띠,서울특별시 송파구 삼학사로 78  (석촌동),서울특별시 송파구 석촌동 10-4번지 ,,2019-02-22
보스노래연습장,서울특별시 송파구 양재대로62길 31-5 (가락동),서울특별시 송파구 가락동 71-5번지 ,02-430-4922,2019-02-22
애플노래연습장,"서울특별시 송파구 오금로 144, 지층 (송파동)",서울특별시 송파구 송파동 59-10번지 지층 ,414-5271,2019-02-22
앵콜,서울특별시 송파구 오금로46길 17 (가락동),서울특별시 송파구 가락동 175-4번지 ,,2019-02-22
퀸 노래연습장,"서울특별시 송파구 거마로 55 (거여동,지층)",서울특별시 송파구 거여동 133-82번지 지층 ,"402-9038,431-0357",2019-02-22
M노래연습장,서울특별시 송파구 오금로 485 (거여동),서울특별시 송파구 거여동 21-4번지 ,,2019-02-22
쇼,서울특별시 송파구 백제고분로9길 30  (잠실동),서울특별시 송파구 잠실동 203번지 ,,2019-02-22
다모아노래연습장,"서울특별시 송파구 오금로13길 3-20, 지1층 (방이동)",서울특별시 송파구 방이동 64-3번지 ,,2019-02-22
바바노래연습장,"서울특별시 송파구 오금로17길 17, 지1층 (방이동)",서울특별시 송파구 방이동 104-5번지 ,02-418-2872,2019-02-22
땡겨노래연습장,서울특별시 송파구 올림픽로32길 56 (방이동),서울특별시 송파구 방이동 105번지 ,02-416-9524,2019-02-22
오케이노래연습장,서울특별시 송파구 올림픽로32길 28 (방이동),서울특별시 송파구 방이동 62-9번지 ,,2019-02-22
SBS,"서울특별시 송파구 가락로 264, 지층 (방이동)",서울특별시 송파구 방이동 133번지 지층 ,,2019-02-22
리멤버 노래연습장,"서울특별시 송파구 송이로 93-1, 지하1층 (가락동)",서울특별시 송파구 가락동 49-2번지 지하1층 ,,2019-02-22
울랄라노래연습장,"서울특별시 송파구 가락로 173-1, 지층 (송파동)",서울특별시 송파구 송파동 122-3번지 지층 ,415-7716,2019-02-22
비타민 노래연습장,"서울특별시 송파구 오금로46길 28, 지층 (가락동)",서울특별시 송파구 가락동 191-6번지 지층 ,02-426-0382,2019-02-22
신로또노래연습장,서울특별시 송파구 마천로 264 (거여동),서울특별시 송파구 거여동 133-77번지 ,,2019-02-22
앵글,서울특별시 송파구 중대로9길 23 (가락동),서울특별시 송파구 가락동 97-2번지 ,,2019-02-22
대박,서울특별시 송파구 송이로20길 18 (가락동),서울특별시 송파구 가락동 83-20번지 ,,2019-02-22
뉴로데오노래연습장,서울특별시 송파구 백제고분로7길 48 (잠실동),서울특별시 송파구 잠실동 186-7번지 ,,2019-02-22
MBC노래연습장,"서울특별시 송파구 오금로36길 27, 지층 (가락동)",서울특별시 송파구 가락동 17-3번지 ,,2019-02-22
비타민 노래연습장,"서울특별시 송파구 백제고분로41길 17, 부림빌딩 지층 (송파동)",서울특별시 송파구 송파동 14-18번지 부림빌딩 ,,2019-02-22
씨씨노래연습장,"서울특별시 송파구 삼학사로 78-1, 지층 (석촌동)",서울특별시 송파구 석촌동 10번지 지층 ,02-412-6554,2019-02-22
베토벤노래연습장,"서울특별시 송파구 오금로46길 39, 지층 (가락동, 오산빌딩)",서울특별시 송파구 가락동 188-9번지 ,,2019-02-22
에스에스노래연습장,"서울특별시 송파구 위례성대로20길 26, 지1층 (오금동)",서울특별시 송파구 오금동 17-14번지 ,,2019-02-22
짱노래연습장,"서울특별시 송파구 올림픽로32길 36, 지층 (방이동)",서울특별시 송파구 방이동 71-9번지 지층 ,412-1292,2019-02-22
체리노래연습장,"서울특별시 송파구 백제고분로 438, 지1층 (송파동)",서울특별시 송파구 송파동 135-5번지 지1층 ,,2019-02-22
꿀달콤한노래연습장,"서울특별시 송파구 중대로9길 43-4, 지하층 (가락동)",서울특별시 송파구 가락동 90-3번지 지층 ,,2019-02-22
애플노래연습장,서울특별시 송파구 오금로13길 12 (방이동),서울특별시 송파구 방이동 69번지 지층 ,02-417-8211,2019-02-22
나투노래연습장,"서울특별시 송파구 오금로46길 10, 지하1층 (가락동)",서울특별시 송파구 가락동 174-19번지 지하1층 ,02-448-5006,2019-02-22
매직노래연습장,"서울특별시 송파구 백제고분로18길 3 (잠실동,지층)",서울특별시 송파구 잠실동 335-1번지 지층 ,02-415-4434,2019-02-22
짱 노래연습장,"서울특별시 송파구 중대로9길 45-5, 지1층 (가락동)",서울특별시 송파구 가락동 90-5번지 지층 ,,2019-02-22
AmPm,"서울특별시 송파구 송파대로30길 3, 2층 (가락동)",서울특별시 송파구 가락동 96-18번지 2층 ,02-407-6272,2019-02-22
노래하는 고양이,"서울특별시 송파구 오금로36길 41, 지층 (가락동)",서울특별시 송파구 가락동 30-4번지 ,,2019-02-22
가왕노래연습장,"서울특별시 송파구 송이로20길 11, 지층 (가락동)",서울특별시 송파구 가락동 81-10번지 ,02-443-3212,2019-02-22
올레,서울특별시 송파구 오금로46길 42  (가락동),서울특별시 송파구 가락동 190-3번지 ,,2019-02-22
에이스노래연습장,"서울특별시 송파구 삼학사로 96, 지1층 (석촌동, 이어도참치)",서울특별시 송파구 석촌동 2번지 ,,2019-02-22
MBC노래연습장,"서울특별시 송파구 백제고분로48길 12, 지1층 (방이동)",서울특별시 송파구 방이동 112-8번지 ,,2019-02-22
짱,"서울특별시 송파구 송파대로30길 11 (가락동,206호)",서울특별시 송파구 가락동 97-8번지 206호 ,,2019-02-22
질러 노래연습장,"서울특별시 송파구 백제고분로7길 28-11 (잠실동,지층)",서울특별시 송파구 잠실동 189-13번지 지층 ,415-9991,2019-02-22
부활,"서울특별시 송파구 중대로23길 20 (가락동,우정에쉐르 지층)",서울특별시 송파구 가락동 8-1번지 우정에쉐르 지층 ,,2019-02-22
큐,"서울특별시 송파구 송파대로30길 23 (가락동,2층)",서울특별시 송파구 가락동 81-1번지 2층 ,,2019-02-22
SBS,"서울특별시 송파구 중대로 150, 지층 (가락동)",서울특별시 송파구 가락동 123번지 지층 ,02-404-0994,2019-02-22
큐,서울특별시 송파구 백제고분로9길 8  (잠실동),서울특별시 송파구 잠실동 197-8번지 ,,2019-02-22
동호노래연습장,서울특별시 송파구 동남로6길 9 (문정동),서울특별시 송파구 문정동 28-23번지 ,,2019-02-22
정다운,서울특별시 송파구 송이로 103 (가락동),서울특별시 송파구 가락동 57-6번지 ,02-407-7706,2019-02-22
다이아몬드 노래연습장,"서울특별시 송파구 송파대로30길 21, 지층 (가락동)",서울특별시 송파구 가락동 81번지 지층 ,6412-5496,2019-02-22
티파니,서울특별시 송파구 송파대로30길 8 (가락동),서울특별시 송파구 가락동 98-2번지 2층 ,02-408-7121,2019-02-22
킹노래연습장,"서울특별시 송파구 가락로 113, 지층 (석촌동)",서울특별시 송파구 석촌동 295-10번지 지층 ,,2019-02-22
옥스,"서울특별시 송파구 오금로11길 41, 3층 (방이동)",서울특별시 송파구 방이동 43-6번지 3층 ,02-425-3991,2019-02-22
MBC노래연습장,"서울특별시 송파구 송파대로49길 55, 지하1층 (석촌동)",서울특별시 송파구 석촌동 23번지 지하1층 ,,2019-02-22
슈노래연습장,서울특별시 송파구 양재대로62길 41-1 (가락동),서울특별시 송파구 가락동 75-16번지 ,,2019-02-22
애플 노래연습장,"서울특별시 송파구 중대로9길 62, 지층 (가락동)",서울특별시 송파구 가락동 72-13번지 지층 ,02-401-2221,2019-02-22
아우성 노래연습장,"서울특별시 송파구 백제고분로41길 33, 지층 (송파동)",서울특별시 송파구 송파동 10-7번지 지층 ,02-420-7194,2019-02-22
WEWE,서울특별시 송파구 가락로 79 (석촌동),서울특별시 송파구 석촌동 272-6번지 ,,2019-02-22
참새노래연습장,"서울특별시 송파구 동남로4길 27, 지하1층 (문정동)",서울특별시 송파구 문정동 31-1번지 ,070-7757-1531,2019-02-22
나예노래연습장,"서울특별시 송파구 송이로19길 4, 지층 (가락동)",서울특별시 송파구 가락동 57-5번지 지층 ,02-409-2330,2019-02-22
조아노래연습장,"서울특별시 송파구 양재대로62길 35-1, 2층 (가락동)",서울특별시 송파구 가락동 75-11번지 2층 ,02-449-7588,2019-02-22
뮤엔노래연습장,"서울특별시 송파구 오금로36길 39-1, 지층 (가락동)",서울특별시 송파구 가락동 30-3번지 지층 ,400-8333,2019-02-22
애플,"서울특별시 송파구 백제고분로9길 37, 지층 (잠실동)",서울특별시 송파구 잠실동 187-4번지 지층 ,,2019-02-22
짱구노래연습장,"서울특별시 송파구 송이로 93, 지층 (가락동)",서울특별시 송파구 가락동 49-1번지 지층 ,02-448-4252,2019-02-22
럭셔리,"서울특별시 송파구 오금로11길 22, 지층 (방이동)",서울특별시 송파구 방이동 59-1번지 지층 ,,2019-02-22
수,"서울특별시 송파구 새말로 167, 지층 (문정동)",서울특별시 송파구 문정동 102-1번지 지하 ,,2019-02-22
강남노래연습장,"서울특별시 송파구 천호대로152길 17, 지층 (풍납동)",서울특별시 송파구 풍납동 476-15번지 지층 ,488-7943,2019-02-22
수정노래연습장,"서울특별시 송파구 송파대로32길 6-11, 지층 (가락동)",서울특별시 송파구 가락동 96-14번지 지층 ,400-2661,2019-02-22
힐링노래연습장,"서울특별시 송파구 송이로 98, 지층 (가락동)",서울특별시 송파구 가락동 72-4번지 지층 ,430-7037,2019-02-22
훼미리,"서울특별시 송파구 송파대로27길 30, 2층 (문정동)",서울특별시 송파구 문정동 150-35번지 2층 ,,2019-02-22
토탈노래연습장,"서울특별시 송파구 중대로 188, 지층 (가락동)",서울특별시 송파구 가락동 155-2번지 지층 ,,2019-02-22
소리질러노래연습장,"서울특별시 송파구 동남로4길 19, 지층 (문정동)",서울특별시 송파구 문정동 30-5번지 지층 ,,2019-02-22
힐링,"서울특별시 송파구 백제고분로19길 13, 지층 (잠실동)",서울특별시 송파구 잠실동 237-6번지 지층 ,,2019-02-22
디올 노래연습장,"서울특별시 송파구 송이로 90, 지층 (가락동)",서울특별시 송파구 가락동 72번지 지층 ,408-2227,2019-02-22
오투노래연습장,"서울특별시 송파구 송파대로30길 27, 2층 (가락동)",서울특별시 송파구 가락동 81-3번지 2층 ,404-0540,2019-02-22
제니스,"서울특별시 송파구 백제고분로9길 29, 지층 (잠실동)",서울특별시 송파구 잠실동 189-14번지 지층 ,423-0706,2019-02-22
키스노래연습장,"서울특별시 송파구 송파대로30길 3, 지층 (가락동)",서울특별시 송파구 가락동 96-18번지 지층 ,431-0838,2019-02-22
시크노래연습장,"서울특별시 송파구 송이로20길 12-1, 지층 (가락동)",서울특별시 송파구 가락동 84-6번지 ,,2019-02-22
팝콘노래연습장,"서울특별시 송파구 송파대로30길 11, 202호 (가락동)",서울특별시 송파구 가락동 97-8번지 ,,2019-02-22
요요노래연습장,서울특별시 송파구 중대로9길 48 (가락동),서울특별시 송파구 가락동 87-1번지 ,407-6677,2019-02-22
가윤노래연습장,"서울특별시 송파구 송이로 159, 지층 (가락동)",서울특별시 송파구 가락동 124-7번지 ,,2019-02-22
문노래연습장,"서울특별시 송파구 송파대로28길 27, 101동 124호 (가락동)",서울특별시 송파구 가락동 80번지 ,,2019-02-22
나가수 노래연습장,"서울특별시 송파구 새말로 62, B02호 (문정동)",서울특별시 송파구 문정동 620번지 ,,2019-02-22
강남노래연습장,"서울특별시 송파구 양재대로62길 35-1, 지층 (가락동)",서울특별시 송파구 가락동 75-11번지 ,,2019-02-22
큐노래연습장,"서울특별시 송파구 오금로15길 7-1, 지층 (방이동)",서울특별시 송파구 방이동 68-6번지 ,02-2203-6635,2019-02-22
JJ노래연습장,"서울특별시 송파구 오금로11길 23-9, 2층 (방이동)",서울특별시 송파구 방이동 37-7번지 ,,2019-02-22
씽씽노래연습장,"서울특별시 송파구 송이로20길 20, 지층 (가락동)",서울특별시 송파구 가락동 83번지 ,,2019-02-22
로비한 노래연습장,"서울특별시 송파구 올림픽로32길 22-6, 지층 (방이동)",서울특별시 송파구 방이동 63-13번지 ,,2019-02-22
에이스노래연습장,"서울특별시 송파구 양재대로62길 48, 2층 (가락동)",서울특별시 송파구 가락동 81-6번지 ,,2019-02-22
벌떼노래연습장,"서울특별시 송파구 송이로20길 12, 지층 (가락동)",서울특별시 송파구 가락동 86-9번지 ,,2019-02-22
펜더노래연습장,"서울특별시 송파구 동남로4길 28, 지층 (문정동)",서울특별시 송파구 문정동 40-5번지 ,,2019-02-22
쟁반노래연습장,"서울특별시 송파구 동남로2길 33, 지층 (문정동, 라우빌딩)",서울특별시 송파구 문정동 51번지 ,,2019-02-22
명품노래연습장,"서울특별시 송파구 중대로9길 30, 3층 (가락동)",서울특별시 송파구 가락동 82-6번지 ,02-400-5661,2019-02-22
원더스타노래연습장,"서울특별시 송파구 백제고분로7길 16-3, 2층 (잠실동)",서울특별시 송파구 잠실동 192-1번지 ,02-2202-0134,2019-02-22
놀이터노래연습장,"서울특별시 송파구 오금로36길 22, 지층 (가락동)",서울특별시 송파구 가락동 19-3번지 ,,2019-02-22
우리노래연습장,"서울특별시 송파구 중대로 60-6, 2층 (문정동, 공간빌딩)",서울특별시 송파구 문정동 150-23번지 공간빌딩 2층 ,,2019-02-22
빙고 노래연습장,"서울특별시 송파구 중대로9길 51, 지층 (가락동, 부성빌딩)",서울특별시 송파구 가락동 91-5번지 ,02-404-6771,2019-02-22
준노래연습장,"서울특별시 송파구 동남로4길 12, 지층 (문정동)",서울특별시 송파구 문정동 41-4번지 ,02-425-5988,2019-02-22
신세계노래연습장,"서울특별시 송파구 중대로9길 21, 3층 (가락동, 센터빌딩)",서울특별시 송파구 가락동 97-5번지 ,02-402-4431,2019-02-22
퐁퐁노래연습장,"서울특별시 송파구 송파대로30길 41-15, 지하1층 (가락동)",서울특별시 송파구 가락동 74-2번지 ,,2019-02-22
파파야노래연습장,"서울특별시 송파구 중대로9길 22, 3층 (가락동)",서울특별시 송파구 가락동 82-2번지 ,,2019-02-22
OK노래연습장,서울특별시 송파구 오금로46길 36 (가락동),서울특별시 송파구 가락동 190번지 ,403-3588,2019-02-22
연궁노래연습장,"서울특별시 송파구 양재대로62길 43, 2층 (가락동)",서울특별시 송파구 가락동 75-18번지 ,02-522-4088,2019-02-22
용마노래연습장,"서울특별시 송파구 양재대로62길 43, 지하1층 (가락동)",서울특별시 송파구 가락동 75-18번지 ,,2019-02-22
각시노래연습장,"서울특별시 송파구 송파대로30길 41-5, 지1층 (가락동)",서울특별시 송파구 가락동 76-4번지 ,,2019-02-22
공룡노래연습장,"서울특별시 송파구 양재대로62길 43, 3층 (가락동)",서울특별시 송파구 가락동 75-18번지 ,,2019-02-22
VIP노래연습장,"서울특별시 송파구 올림픽로32길 18, 지하2층 (방이동, 경진빌딩)",서울특별시 송파구 방이동 64-6번지 ,,2019-02-22
또또썬노래연습장,"서울특별시 송파구 송파대로30길 11, 2층 205호 (가락동, 이연파레스)",서울특별시 송파구 가락동 97-8번지 ,,2019-02-22
명품노래연습장,"서울특별시 송파구 오금로44가길 12, 지하1층 (가락동)",서울특별시 송파구 가락동 167-12번지 ,02-448-0210,2019-02-22
카카오노래연습장,"서울특별시 송파구 새말로5길 5, 지하1층 (문정동, 법륜여래유치원)",서울특별시 송파구 문정동 69-2번지 ,02-402-9419,2019-02-22
신바람노래연습장,"서울특별시 송파구 송파대로32길 4, 지하1층 (가락동, 파크빌딩)",서울특별시 송파구 가락동 96-4번지 ,,2019-02-22
팝스타코인노래연습장,"서울특별시 송파구 백제고분로7길 55, 지하1층 (잠실동)",서울특별시 송파구 잠실동 183-8번지 ,,2019-02-22
반딧불노래연습장,"서울특별시 송파구 송파대로22길 21, 지1층 (문정동)",서울특별시 송파구 문정동 46-18번지 지하1호,,2019-02-22
락휴노래연습장 신천점,서울특별시 송파구 백제고분로7길 23 (잠실동),서울특별시 송파구 잠실동 180-2번지 ,,2019-02-22
하모니노래연습장,"서울특별시 송파구 백제고분로39길 31, 지층호 (석촌동, 한흥빌딩)",서울특별시 송파구 석촌동 161-4번지 지층 ,,2019-02-22
서울노래연습장,"서울특별시 송파구 마천로41길 1, 지층 (마천동)",서울특별시 송파구 마천동 126번지 지층 ,,2019-02-22
주니노래연습장,"서울특별시 송파구 중대로9길 21, 2층 201호 (가락동, 센터빌딩)",서울특별시 송파구 가락동 97-5번지 ,,2019-02-22
썸노래연습장,"서울특별시 송파구 송이로20길 10, 지1층 (가락동)",서울특별시 송파구 가락동 86-10번지 ,,2019-02-22
슈퍼스타코인노래연습장,"서울특별시 송파구 올림픽로 116-1, 지1층 (잠실동, 신원빌딩)",서울특별시 송파구 잠실동 184-2번지 ,,2019-02-22
뮤직애빠지다 노래연습장,"서울특별시 송파구 동남로4길 15, 지1층 (문정동)",서울특별시 송파구 문정동 30-1번지 ,,2019-02-22
블루 노래연습장,"서울특별시 송파구 중대로9길 24, 지1층 (가락동)",서울특별시 송파구 가락동 82-3번지 ,,2019-02-22
얌코인 노래연습장,"서울특별시 송파구 마천로 252, 지1층 (거여동)",서울특별시 송파구 거여동 1번지 ,,2019-02-22
쟁반노래연습장,"서울특별시 송파구 양재대로62길 42-1, 지1층 (가락동)",서울특별시 송파구 가락동 86-12번지 ,,2019-02-22
체크노래연습장,"서울특별시 송파구 중대로9길 24, 3층 (가락동)",서울특별시 송파구 가락동 82-3번지 ,,2019-02-22
도깨비코인노래연습장,"서울특별시 송파구 백제고분로48길 6, 지1층 (방이동)",서울특별시 송파구 방이동 111번지 ,,2019-02-22
힐링노래연습장,"서울특별시 송파구 마천로41길 1, 3층 (마천동)",서울특별시 송파구 마천동 126번지 ,,2019-02-22
슈퍼스타코인노래연습장(방이점),"서울특별시 송파구 마천로 29, 지1층 (방이동)",서울특별시 송파구 방이동 208-3번지 지1층 ,,2019-02-22
힐링코인노래연습장,"서울특별시 송파구 백제고분로40길 32, 2층 (석촌동, 남승빌딩)",서울특별시 송파구 석촌동 278-8번지 ,,2019-02-22
잇츠코인노래연습장,"서울특별시 송파구 가락로 214, 지1층 (송파동, 창우빌딩)",서울특별시 송파구 송파동 147-1번지 ,,2019-02-22
놀러와 노래연습장,"서울특별시 송파구 법원로 114, B동 221호 (문정동, 엠스테이트)",서울특별시 송파구 문정동 643-1번지 ,,2019-02-22
오렌지코인노래연습장,"서울특별시 송파구 거마로3길 4, 지1층 (거여동, 뉴비전빌딩)",서울특별시 송파구 거여동 25번지 ,,2019-02-22
악쓰는하마코인노래연습장,"서울특별시 송파구 올림픽로12길 8, 지1층 (잠실동, 제일빌딩)",서울특별시 송파구 잠실동 182-2번지 ,,2019-02-22
캔디노래연습장,"서울특별시 송파구 중대로9길 21, 4층 (가락동, 센터빌딩)",서울특별시 송파구 가락동 97-5번지 ,,2019-02-22
엄지노래연습장,"서울특별시 송파구 송파대로30길 21, 3층 (가락동)",서울특별시 송파구 가락동 81번지 3층 ,02-402-2590,2019-02-22
팝스타2코인노래연습장,"서울특별시 송파구 백제고분로7길 31, 지하1층 (잠실동)",서울특별시 송파구 잠실동 182-5번지 지하1층 ,,2019-02-22
카톡노래연습장,"서울특별시 송파구 중대로 134, 지하1층 (가락동, 부광아트빌딩)",서울특별시 송파구 가락동 112번지 지하1층 ,,2019-02-22
도깨비노래연습장,"서울특별시 송파구 문정로 7, 지층 (문정동, 진주빌딩)",서울특별시 송파구 문정동 51-9번지 ,443-5737,2019-02-22
별노래연습장,"서울특별시 송파구 백제고분로22길 11, 지층 (삼전동, 유라빌라트)",서울특별시 송파구 삼전동 46-8번지 ,,2019-02-22
람보노래연습장,"서울특별시 송파구 송파대로30길 19, 2층 201호 (가락동)",서울특별시 송파구 가락동 82-1번지 ,,2019-02-22
세븐스타 코인노래연습장 송파가락점,"서울특별시 송파구 동남로18길 33, 2층 (가락동)",서울특별시 송파구 가락동 189-5번지 ,,2019-02-22
세븐스타 코인노래연습장 송파구청점,"서울특별시 송파구 올림픽로32길 13, 3층 (방이동)",서울특별시 송파구 방이동 36-8번지 ,,2019-02-22
킹노래연습장,"서울특별시 송파구 중대로9길 21, 센터빌딩 지층 101호 (가락동)",서울특별시 송파구 가락동 97-5번지 센터빌딩 ,,2019-02-22
카스 노래연습장,"서울특별시 송파구 중대로9길 21, 센터빌딩 502호 (가락동)",서울특별시 송파구 가락동 97-5번지 센터빌딩 ,,2019-02-22
강추노래연습장,"서울특별시 송파구 중대로9길 23, 2층 (가락동)",서울특별시 송파구 가락동 97-2번지 ,,2019-02-22
놀러와2 노래연습장,"서울특별시 송파구 법원로 114, 엠스테이트 B동 220호 (문정동)",서울특별시 송파구 문정동 643-1번지 엠스테이트 ,,2019-02-22
스카이노래연습장,"서울특별시 송파구 중대로9길 21, 센터빌딩 5층 501호 (가락동)",서울특별시 송파구 가락동 97-5번지 센터빌딩 ,,2019-02-22
호수노래연습장,"서울특별시 송파구 중대로9길 24, 2층 (가락동)",서울특별시 송파구 가락동 82-3번지 ,,2019-02-22
올인노래연습장,"서울특별시 송파구 중대로9길 23, 4층 (가락동)",서울특별시 송파구 가락동 97-2번지 ,,2019-02-22
백마노래연습장,"서울특별시 송파구 중대로9길 21, 센터빌딩 202호 (가락동)",서울특별시 송파구 가락동 97-5번지 센터빌딩 ,,2019-02-22
사쿠라노래연습장,"서울특별시 송파구 중대로9길 24, B102호 (가락동)",서울특별시 송파구 가락동 82-3번지 ,,2019-02-22
뮬 코인 노래연습장,"서울특별시 송파구 오금로44길 22, 두남빌딩 지층 (가락동)",서울특별시 송파구 가락동 173-18번지 두남빌딩 ,,2019-02-22
THE HIT 코인노래연습장,"서울특별시 송파구 새말로8길 4, 2층 (문정동)",서울특별시 송파구 문정동 71-1번지 ,,2019-02-22
홈런노래연습장,"서울특별시 송파구 중대로9길 21, 센터빌딩 B102호 (가락동)",서울특별시 송파구 가락동 97-5번지 센터빌딩 ,,2019-02-22
입큰노래연습장,"서울특별시 송파구 송파대로30길 13, 지하1층 (가락동)",서울특별시 송파구 가락동 97-7번지 ,,2019-02-22
악쓰는하마 코인노래연습장,"서울특별시 송파구 마천로 43, 칠보빌딩 지하1층 (방이동)",서울특별시 송파구 방이동 207-11번지 칠보빌딩 ,,2019-02-22
차차노래연습장,"서울특별시 송파구 중대로9길 23, 5층 (가락동)",서울특별시 송파구 가락동 97-2번지 ,,2019-02-22
피그코인노래연습장,"서울특별시 송파구 동남로 147, 수동빌딩 지하1층 (가락동)",서울특별시 송파구 가락동 125-2번지 수동빌딩 ,,2019-02-22
샤방샤방노래연습장,"서울특별시 송파구 송파대로30길 8, 훼밀리오피스텔 지하2층 1호 일부호 (가락동)",서울특별시 송파구 가락동 98-2번지 훼밀리오피스텔 ,,2019-02-22
이안노래연습장,"서울특별시 송파구 법원로 128, 문정에스케이브이원지엘메트로시티 B동 209,210호 (문정동)",서울특별시 송파구 문정동 642-3번지 문정에스케이브이원지엘메트로시티 ,,2019-02-22
쏭쏭노래연습장,"서울특별시 송파구 양재대로62길 38, 정민빌딩 지층 (가락동)",서울특별시 송파구 가락동 86-16번지 정민빌딩 ,,2019-02-22
Kstar 코인노래연습장,"서울특별시 송파구 오금로 505, 상호빌딩 지하층 (거여동)",서울특별시 송파구 거여동 37-4번지 상호빌딩 ,,2019-02-22
스타코인노래연습장,"서울특별시 송파구 올림픽로8길 20, 잠실아이파크 A101호 (잠실동)",서울특별시 송파구 잠실동 194번지 잠실아이파크 ,,2019-02-22
엔젤스코인노래연습장,"서울특별시 송파구 백제고분로7길 26, 지하1층 (잠실동)",서울특별시 송파구 잠실동 190번지 ,,2019-02-22
,,,,
